INSERT INTO "language" (language_code, "name", created_date, created_by, updated_date, updated_by) VALUES ('en', 'English', '2023-09-14 00:00:00.000', 'Anthony', '2023-09-14 00:00:00.000', 'Anthony');
INSERT INTO "language" (language_code, "name", created_date, created_by, updated_date, updated_by) VALUES ('zh_HK', 'Traditional Chinese', '2023-09-14 00:00:00.000', 'Anthony', '2023-09-14 00:00:00.000', 'Anthony');
INSERT INTO district (district_id, created_date, created_by, updated_date, updated_by) VALUES (1, '2023-09-14 00:00:00.000', 'Anthony', '2023-09-14 00:00:00.000', 'Anthony');
INSERT INTO district (district_id, created_date, created_by, updated_date, updated_by) VALUES (2, '2023-09-14 00:00:00.000', 'Anthony', '2023-09-14 00:00:00.000', 'Anthony');
INSERT INTO district (district_id, created_date, created_by, updated_date, updated_by) VALUES (3, '2023-09-14 00:00:00.000', 'Anthony', '2023-09-14 00:00:00.000', 'Anthony');
INSERT INTO district (district_id, created_date, created_by, updated_date, updated_by) VALUES (4, '2023-09-14 00:00:00.000', 'Anthony', '2023-09-14 00:00:00.000', 'Anthony');
INSERT INTO district (district_id, created_date, created_by, updated_date, updated_by) VALUES (5, '2023-09-14 00:00:00.000', 'Anthony', '2023-09-14 00:00:00.000', 'Anthony');
INSERT INTO district (district_id, created_date, created_by, updated_date, updated_by) VALUES (6, '2023-09-14 00:00:00.000', 'Anthony', '2023-09-14 00:00:00.000', 'Anthony');
INSERT INTO district (district_id, created_date, created_by, updated_date, updated_by) VALUES (7, '2023-09-14 00:00:00.000', 'Anthony', '2023-09-14 00:00:00.000', 'Anthony');
INSERT INTO district (district_id, created_date, created_by, updated_date, updated_by) VALUES (8, '2023-09-14 00:00:00.000', 'Anthony', '2023-09-14 00:00:00.000', 'Anthony');
INSERT INTO district (district_id, created_date, created_by, updated_date, updated_by) VALUES (9, '2023-09-14 00:00:00.000', 'Anthony', '2023-09-14 00:00:00.000', 'Anthony');
INSERT INTO district (district_id, created_date, created_by, updated_date, updated_by) VALUES (10, '2023-09-14 00:00:00.000', 'Anthony', '2023-09-14 00:00:00.000', 'Anthony');
INSERT INTO district (district_id, created_date, created_by, updated_date, updated_by) VALUES (11, '2023-09-14 00:00:00.000', 'Anthony', '2023-09-14 00:00:00.000', 'Anthony');
INSERT INTO district (district_id, created_date, created_by, updated_date, updated_by) VALUES (12, '2023-09-14 00:00:00.000', 'Anthony', '2023-09-14 00:00:00.000', 'Anthony');
INSERT INTO district (district_id, created_date, created_by, updated_date, updated_by) VALUES (13, '2023-09-14 00:00:00.000', 'Anthony', '2023-09-14 00:00:00.000', 'Anthony');
INSERT INTO district (district_id, created_date, created_by, updated_date, updated_by) VALUES (14, '2023-09-14 00:00:00.000', 'Anthony', '2023-09-14 00:00:00.000', 'Anthony');
INSERT INTO district (district_id, created_date, created_by, updated_date, updated_by) VALUES (15, '2023-09-14 00:00:00.000', 'Anthony', '2023-09-14 00:00:00.000', 'Anthony');
INSERT INTO district (district_id, created_date, created_by, updated_date, updated_by) VALUES (16, '2023-09-14 00:00:00.000', 'Anthony', '2023-09-14 00:00:00.000', 'Anthony');
INSERT INTO district (district_id, created_date, created_by, updated_date, updated_by) VALUES (17, '2023-09-14 00:00:00.000', 'Anthony', '2023-09-14 00:00:00.000', 'Anthony');
INSERT INTO district (district_id, created_date, created_by, updated_date, updated_by) VALUES (18, '2023-09-14 00:00:00.000', 'Anthony', '2023-09-14 00:00:00.000', 'Anthony');
INSERT INTO district_name (district_name_id, district_id, language_code, "name", created_date, created_by, updated_date, updated_by) VALUES (1, 1, 'en', 'Central and Western', '2023-09-14 00:00:00.000', 'Anthony', '2023-09-14 00:00:00.000', 'Anthony');
INSERT INTO district_name (district_name_id, district_id, language_code, "name", created_date, created_by, updated_date, updated_by) VALUES (2, 2, 'en', 'Wanchai', '2023-09-14 00:00:00.000', 'Anthony', '2023-09-14 00:00:00.000', 'Anthony');
INSERT INTO district_name (district_name_id, district_id, language_code, "name", created_date, created_by, updated_date, updated_by) VALUES (3, 3, 'en', 'Eastern', '2023-09-14 00:00:00.000', 'Anthony', '2023-09-14 00:00:00.000', 'Anthony');
INSERT INTO district_name (district_name_id, district_id, language_code, "name", created_date, created_by, updated_date, updated_by) VALUES (4, 4, 'en', 'Southern', '2023-09-14 00:00:00.000', 'Anthony', '2023-09-14 00:00:00.000', 'Anthony');
INSERT INTO district_name (district_name_id, district_id, language_code, "name", created_date, created_by, updated_date, updated_by) VALUES (5, 5, 'en', 'Yau Tsim Mong', '2023-09-14 00:00:00.000', 'Anthony', '2023-09-14 00:00:00.000', 'Anthony');
INSERT INTO district_name (district_name_id, district_id, language_code, "name", created_date, created_by, updated_date, updated_by) VALUES (6, 6, 'en', 'Sham Shui Po', '2023-09-14 00:00:00.000', 'Anthony', '2023-09-14 00:00:00.000', 'Anthony');
INSERT INTO district_name (district_name_id, district_id, language_code, "name", created_date, created_by, updated_date, updated_by) VALUES (7, 7, 'en', 'Tsuen Wan', '2023-09-14 00:00:00.000', 'Anthony', '2023-09-14 00:00:00.000', 'Anthony');
INSERT INTO district_name (district_name_id, district_id, language_code, "name", created_date, created_by, updated_date, updated_by) VALUES (8, 8, 'en', 'Kowloon City', '2023-09-14 00:00:00.000', 'Anthony', '2023-09-14 00:00:00.000', 'Anthony');
INSERT INTO district_name (district_name_id, district_id, language_code, "name", created_date, created_by, updated_date, updated_by) VALUES (9, 9, 'en', 'Kwun Tong', '2023-09-14 00:00:00.000', 'Anthony', '2023-09-14 00:00:00.000', 'Anthony');
INSERT INTO district_name (district_name_id, district_id, language_code, "name", created_date, created_by, updated_date, updated_by) VALUES (10, 10, 'en', 'Wong Tai Sin', '2023-09-14 00:00:00.000', 'Anthony', '2023-09-14 00:00:00.000', 'Anthony');
INSERT INTO district_name (district_name_id, district_id, language_code, "name", created_date, created_by, updated_date, updated_by) VALUES (11, 11, 'en', 'Kwai Tsing', '2023-09-14 00:00:00.000', 'Anthony', '2023-09-14 00:00:00.000', 'Anthony');
INSERT INTO district_name (district_name_id, district_id, language_code, "name", created_date, created_by, updated_date, updated_by) VALUES (12, 12, 'en', 'Sai Kung', '2023-09-14 00:00:00.000', 'Anthony', '2023-09-14 00:00:00.000', 'Anthony');
INSERT INTO district_name (district_name_id, district_id, language_code, "name", created_date, created_by, updated_date, updated_by) VALUES (13, 13, 'en', 'Shatin', '2023-09-14 00:00:00.000', 'Anthony', '2023-09-14 00:00:00.000', 'Anthony');
INSERT INTO district_name (district_name_id, district_id, language_code, "name", created_date, created_by, updated_date, updated_by) VALUES (14, 14, 'en', 'Tai Po', '2023-09-14 00:00:00.000', 'Anthony', '2023-09-14 00:00:00.000', 'Anthony');
INSERT INTO district_name (district_name_id, district_id, language_code, "name", created_date, created_by, updated_date, updated_by) VALUES (15, 15, 'en', 'Yuen Long', '2023-09-14 00:00:00.000', 'Anthony', '2023-09-14 00:00:00.000', 'Anthony');
INSERT INTO district_name (district_name_id, district_id, language_code, "name", created_date, created_by, updated_date, updated_by) VALUES (16, 16, 'en', 'Northern', '2023-09-14 00:00:00.000', 'Anthony', '2023-09-14 00:00:00.000', 'Anthony');
INSERT INTO district_name (district_name_id, district_id, language_code, "name", created_date, created_by, updated_date, updated_by) VALUES (17, 17, 'en', 'Island', '2023-09-14 00:00:00.000', 'Anthony', '2023-09-14 00:00:00.000', 'Anthony');
INSERT INTO district_name (district_name_id, district_id, language_code, "name", created_date, created_by, updated_date, updated_by) VALUES (18, 18, 'en', 'Tuen Mun', '2023-09-14 00:00:00.000', 'Anthony', '2023-09-14 00:00:00.000', 'Anthony');